<?xml version="1.0" encoding="UTF-8"?>
<!DOCTYPE suite SYSTEM "http://testng.org/testng-1.0.dtd">
<suite name="Suite">

	<test thread-count="5" name="Test">
		<parameter name="user" value="balajidinakaran1@gmail.com"></parameter>
	<parameter name="pass" value="Welcome123"></parameter>
	<parameter name="browser" value="ff"></parameter>
		<classes>
			<class name="com.ibm.magentotest.TestDemo">
			</class>
		</classes>
	</test> <!-- Test -->
	<test thread-count="5" name="Test1">
		<parameter name="user" value="balaji0017@gmail.com"></parameter>
	<parameter name="pass" value="Welcome123"></parameter>
		<classes>
			<class name="com.ibm.magentotest.TestDemo">
			</class>
		</classes>
	</test> <!-- Test -->
</suite> <!-- Suite -->
