<?xml version="1.0" encoding="UTF-8"?>
<!DOCTYPE suite SYSTEM "http://testng.org/testng-1.0.dtd">
<suite name="Suite">
	<test thread-count="5" name="Test">
		<parameter name="browser" value="firefox"></parameter>
		<classes>
			<class name="com.ibm.magentotest.MagentoTest">
			</class>
		</classes>
	</test> <!-- Test -->
	<test thread-count="5" name="Test">
		<parameter name="browser" value="ch"></parameter>
		<classes>
			<class name="com.ibm.magentotest.MagentoTest">
			</class>
		</classes>
	</test> <!-- Test -->
	<test thread-count="5" name="Test">
		<classes>
			<class name="com.ibm.magentotest.MagentoTest">
			</class>
		</classes>
	</test> <!-- Test -->
</suite> <!-- Suite -->
