<?xml version="1.0" encoding="UTF-8"?>
<!DOCTYPE suite SYSTEM "http://testng.org/testng-1.0.dtd">
<suite name="Suite" parallel="tests">
	<!-- <groups>
			<run>
				<exclude name="medium"></exclude>
			</run>
		</groups> -->
	<test thread-count="5" name="Testff">
		<!-- <parameter name="browser" value="ie"></parameter> -->
		<classes>
			<class name="com.ibm.magentotest.MagentoTest2">
			</class>
		</classes>
	</test> <!-- Test -->
	
	<!-- <test thread-count="5" name="Testff1">
		<parameter name="browser" value="ff"></parameter>
		<classes>
			<class name="com.ibm.magentotest.MagentoTest2">
			</class>
		</classes>
	</test> Test -->

</suite> <!-- Suite -->
