<?xml version="1.0" encoding="UTF-8"?>
<!DOCTYPE suite SYSTEM "http://testng.org/testng-1.0.dtd">
<suite name="Suite" parallel="classes" thread-count="5" verbose="5">
  <test thread-count="5" name="Test">
    <groups>
      <run>
      <include name="test.reg"></include>
      <include name="test.smoke"></include>
      <include name="test.sanity"></include>
      </run>
    
    </groups>
  
    <classes>
      <class name="testCases.TC001_Login"/>
      <class name="testCases.TC002_CreateLead"/>
      <class name="testCases.TC003_MergeLeads"/>
      <class name="testCases.TC004_EditLead"/>
      <class name="testCases.TC005_DuplicateLead"/>
       
      
      
      
    </classes>
  </test> <!-- Test -->
</suite> <!-- Suite -->
